NIS,Nama,Kelas,Jabatan (OSIS/MPK),Agama,Email (opsional)
2425001,Adelia Nur Zahra,XI MP,Anggota MPK,Islam,
2425002,A Isy Mifta Nazhilfa,X AK 1,Anggota OSIS,Islam,
2425003,Al Qoirul Lathif Nazzril Putra,X RPL,Divisi Keagamaan OSIS,Islam,alqoirul.lathif@sekolah.sch.id
2425004,Amelia Putri,XI AK 1,Anggota MPK,Islam,
2425005,Amyra Nur Azalia,X AK 1,Anggota OSIS,Islam,
2425006,Annisa Maulida Putri Hardiansyah,XI AK 2,Anggota MPK,Islam,
2425007,Aulia Fitri,X BR 2,Anggota OSIS,Islam,
2425008,Bintang Very Purwanto,X RPL,Anggota OSIS,Kristen,
2425009,Dimas Putra Satria,XI AK 2,Anggota MPK,Islam,
2425010,Fadhyl Alhafizd,X RPL,Anggota OSIS,Islam,
2425011,Hanivia Putria Idris,X BR 1,Anggota OSIS,Islam,
2425012,Isya Al Faqih Hasan,X BR 1,Anggota OSIS,Islam,
2425013,Jihada Amalia,XI AK 1,Anggota OSIS,Islam,
2425014,Jordhan Khadhil Setiawan,XI RPL 1,Anggota OSIS,Islam,
2425015,Kartika Luna Amallya,XI RPL 1,Anggota OSIS,Islam,
2425016,Keyla Ayu Fitriandini,X MP,Anggota OSIS,Islam,
2425017,Keysha Aurelia,X AK 2,Anggota OSIS,Islam,
2425018,Maria Jame,XI RPL 1,Divisi Keagamaan OSIS (Kristen),Kristen,maria.jame@sekolah.sch.id
2425019,Muhamad Faiq Adnan,XI RPL 1,Anggota OSIS,Islam,
2425020,Muhamad Zidan Pirgyawan,XI RPL,Anggota MPK,Islam,
2425021,Muhammad Dafa,XI BR,Anggota OSIS,Islam,
2425022,Muhammad Faris,XI BR,Divisi Keagamaan OSIS,Islam,muhammad.faris@sekolah.sch.id
2425023,Muhammad Hafid Addison,X AK 2,Anggota OSIS,Islam,
2425024,Muhammad Irvan Hakim,XI RPL 2,Anggota OSIS,Islam,
2425025,Nabila Firanisa Ramadhani,XI RPL 1,Anggota OSIS,Islam,
2425026,Nisfa Alvia Rahmadany,X BR 1,Anggota OSIS,Islam,
2425027,Novita Gendhis Pramesththi,X MP,Anggota OSIS,Islam,
2425028,Nur Efendy,X BR 2,Anggota OSIS,Islam,
2425029,Oneal Pratama,XI AK 1,Anggota OSIS,Islam,
2425030,Polbe Seriota Sihite,XI AK 1,Anggota OSIS,Kristen,
2425031,Rafifah Salsabila Zahra,X AK 1,Anggota OSIS,Islam,
2425032,Rifky Aditya Hadi,XI AK 1,Anggota OSIS,Islam,
2425033,Sahal Kholidil Azam,XI RPL 1,Anggota OSIS,Islam,
2425034,Selli Edelweiss Salsabila,X AK 1,Anggota OSIS,Islam,
2425035,Shania Aurelia Syarief,X AK 2,Anggota OSIS,Islam,
2425036,Sisca Aulia Rahmadani,X BR 1,Anggota OSIS,Islam,
2425037,Syafira Aulia,X AK 1,Anggota OSIS,Islam,
2425038,Zakiya Innayati,X BR 2,Anggota OSIS,Islam,
2425039,Zhiva Iqnantia Nandini,X AK 1,Anggota OSIS,Islam,
